image_url,image_url_2
https://rimichen.github.io/StreetScore/json/exportedSelection_south_east_loose/9b69ynaE.jpg,https://rimichen.github.io/StreetScore/json/exportedSelection_east/QbYQJMbz.jpg
https://rimichen.github.io/StreetScore/json/exportedSelection_south_east_loose/QdJNpgdO.jpg,https://rimichen.github.io/StreetScore/json/exportedSelection_east/9b6m59aE.jpg
https://rimichen.github.io/StreetScore/json/exportedSelection_south_east_loose/Xe09KGax.jpg,https://rimichen.github.io/StreetScore/json/exportedSelection_east/RdG9PJaD.jpg
https://rimichen.github.io/StreetScore/json/exportedSelection_south_east_loose/QdJNpgdO.jpg,https://rimichen.github.io/StreetScore/json/exportedSelection_east/DdwEq1a1.jpg
https://rimichen.github.io/StreetScore/json/exportedSelection_south_east_loose/Xe0Lpvex.jpg,https://rimichen.github.io/StreetScore/json/exportedSelection_east/1aMJ1ObW.jpg
https://rimichen.github.io/StreetScore/json/exportedSelection_south_east_loose/5eVQp9dE.jpg,https://rimichen.github.io/StreetScore/json/exportedSelection_east/QbY7LKez.jpg
https://rimichen.github.io/StreetScore/json/exportedSelection_south_east_loose/vbmqxObY.jpg,https://rimichen.github.io/StreetScore/json/exportedSelection_east/negxGraw.jpg
https://rimichen.github.io/StreetScore/json/exportedSelection_south_east_loose/mbkr1Naz.jpg,https://rimichen.github.io/StreetScore/json/exportedSelection_east/NbWwvoby.jpg
https://rimichen.github.io/StreetScore/json/exportedSelection_south_east_loose/ZdPQz6eK.jpg,https://rimichen.github.io/StreetScore/json/exportedSelection_east/qaQOn7dn.jpg
https://rimichen.github.io/StreetScore/json/exportedSelection_south_east_loose/DbD8wKbl.jpg,https://rimichen.github.io/StreetScore/json/exportedSelection_east/mbkrMXaz.jpg
https://rimichen.github.io/StreetScore/json/exportedSelection_south_east_loose/rb2WGzdW.jpg,https://rimichen.github.io/StreetScore/json/exportedSelection_east/QeZWowap.jpg
https://rimichen.github.io/StreetScore/json/exportedSelection_south_east_loose/Pe9248aL.jpg,https://rimichen.github.io/StreetScore/json/exportedSelection_east/qaQ6vlbn.jpg
https://rimichen.github.io/StreetScore/json/exportedSelection_south_east_loose/DbD846bl.jpg,https://rimichen.github.io/StreetScore/json/exportedSelection_east/mep2QmbM.jpg
https://rimichen.github.io/StreetScore/json/exportedSelection_south_east_loose/Xe09KGax.jpg,https://rimichen.github.io/StreetScore/json/exportedSelection_east/nelp1JeK.jpg
https://rimichen.github.io/StreetScore/json/exportedSelection_south_east_loose/Pe9248aL.jpg,https://rimichen.github.io/StreetScore/json/exportedSelection_east/PdypJ7bQ.jpg
https://rimichen.github.io/StreetScore/json/exportedSelection_south_east_loose/Pe9248aL.jpg,https://rimichen.github.io/StreetScore/json/exportedSelection_east/wdLJ9paj.jpg
https://rimichen.github.io/StreetScore/json/exportedSelection_south_east_loose/vbmY0pbY.jpg,https://rimichen.github.io/StreetScore/json/exportedSelection_east/RdG86reD.jpg
https://rimichen.github.io/StreetScore/json/exportedSelection_south_east_loose/9avjqmaG.jpg,https://rimichen.github.io/StreetScore/json/exportedSelection_east/BeXMXgay.jpg
https://rimichen.github.io/StreetScore/json/exportedSelection_south_east_loose/mepzxmbM.jpg,https://rimichen.github.io/StreetScore/json/exportedSelection_east/nelpvVeK.jpg
https://rimichen.github.io/StreetScore/json/exportedSelection_south_east_loose/oeEqmWe0.jpg,https://rimichen.github.io/StreetScore/json/exportedSelection_east/QdJ80laO.jpg
https://rimichen.github.io/StreetScore/json/exportedSelection_south_east_loose/9aA1oOav.jpg,https://rimichen.github.io/StreetScore/json/exportedSelection_east/DbDqXYdl.jpg
https://rimichen.github.io/StreetScore/json/exportedSelection_south_east_loose/vbm24OdY.jpg,https://rimichen.github.io/StreetScore/json/exportedSelection_east/rb2g2jdW.jpg
https://rimichen.github.io/StreetScore/json/exportedSelection_south_east_loose/Ddw03we1.jpg,https://rimichen.github.io/StreetScore/json/exportedSelection_east/penOypa7.jpg
https://rimichen.github.io/StreetScore/json/exportedSelection_south_east_loose/Ddw0Yze1.jpg,https://rimichen.github.io/StreetScore/json/exportedSelection_east/yb8Ev2dv.jpg
https://rimichen.github.io/StreetScore/json/exportedSelection_south_east_loose/0dNEMKbL.jpg,https://rimichen.github.io/StreetScore/json/exportedSelection_east/lejnqWej.jpg
https://rimichen.github.io/StreetScore/json/exportedSelection_south_east_loose/QeZ0Z5bp.jpg,https://rimichen.github.io/StreetScore/json/exportedSelection_east/PdRPjRaG.jpg
https://rimichen.github.io/StreetScore/json/exportedSelection_south_east_loose/Qe16K3aJ.jpg,https://rimichen.github.io/StreetScore/json/exportedSelection_east/Yer2yLeO.jpg
https://rimichen.github.io/StreetScore/json/exportedSelection_south_east_loose/ZdPQQ6eK.jpg,https://rimichen.github.io/StreetScore/json/exportedSelection_east/rb27qJdW.jpg
https://rimichen.github.io/StreetScore/json/exportedSelection_south_east_loose/negn0Gdw.jpg,https://rimichen.github.io/StreetScore/json/exportedSelection_east/penO87a7.jpg
https://rimichen.github.io/StreetScore/json/exportedSelection_south_east_loose/Yermw4dO.jpg,https://rimichen.github.io/StreetScore/json/exportedSelection_east/lej0Dlbj.jpg
https://rimichen.github.io/StreetScore/json/exportedSelection_south_east_loose/mepklmdM.jpg,https://rimichen.github.io/StreetScore/json/exportedSelection_east/QbY7z9ez.jpg
https://rimichen.github.io/StreetScore/json/exportedSelection_south_east_loose/Qe1Y4jeJ.jpg,https://rimichen.github.io/StreetScore/json/exportedSelection_east/BeXrvvby.jpg
https://rimichen.github.io/StreetScore/json/exportedSelection_south_east_loose/QdJYz9bO.jpg,https://rimichen.github.io/StreetScore/json/exportedSelection_east/Ddwnmrb1.jpg
https://rimichen.github.io/StreetScore/json/exportedSelection_south_east_loose/mepzRXbM.jpg,https://rimichen.github.io/StreetScore/json/exportedSelection_east/negkG3ew.jpg
https://rimichen.github.io/StreetScore/json/exportedSelection_south_east_loose/QeZ0Z5bp.jpg,https://rimichen.github.io/StreetScore/json/exportedSelection_east/YaOExpdx.jpg
https://rimichen.github.io/StreetScore/json/exportedSelection_south_east_loose/nelRp6bK.jpg,https://rimichen.github.io/StreetScore/json/exportedSelection_east/vbmE5AbY.jpg
https://rimichen.github.io/StreetScore/json/exportedSelection_south_east_loose/QeZwg8ap.jpg,https://rimichen.github.io/StreetScore/json/exportedSelection_east/xboZBBag.jpg
https://rimichen.github.io/StreetScore/json/exportedSelection_south_east_loose/mepzqpbM.jpg,https://rimichen.github.io/StreetScore/json/exportedSelection_east/mepZDpbM.jpg
https://rimichen.github.io/StreetScore/json/exportedSelection_south_east_loose/nelvz7bK.jpg,https://rimichen.github.io/StreetScore/json/exportedSelection_east/Qe1980eJ.jpg
https://rimichen.github.io/StreetScore/json/exportedSelection_south_east_loose/lejnvBej.jpg,https://rimichen.github.io/StreetScore/json/exportedSelection_east/Le3jMnd6.jpg
https://rimichen.github.io/StreetScore/json/exportedSelection_south_east_loose/BeXMOkay.jpg,https://rimichen.github.io/StreetScore/json/exportedSelection_east/zbqZYkdp.jpg
https://rimichen.github.io/StreetScore/json/exportedSelection_south_east_loose/QeZz98ep.jpg,https://rimichen.github.io/StreetScore/json/exportedSelection_east/xboZ0Lag.jpg
https://rimichen.github.io/StreetScore/json/exportedSelection_south_east_loose/nel2klbK.jpg,https://rimichen.github.io/StreetScore/json/exportedSelection_east/BeXrKgby.jpg
https://rimichen.github.io/StreetScore/json/exportedSelection_south_east_loose/nelv45bK.jpg,https://rimichen.github.io/StreetScore/json/exportedSelection_east/xbovJkag.jpg
https://rimichen.github.io/StreetScore/json/exportedSelection_south_east_loose/YaOgAgax.jpg,https://rimichen.github.io/StreetScore/json/exportedSelection_east/QeZzWwep.jpg
https://rimichen.github.io/StreetScore/json/exportedSelection_south_east_loose/xe7AEBb7.jpg,https://rimichen.github.io/StreetScore/json/exportedSelection_east/YaOPGgbx.jpg
https://rimichen.github.io/StreetScore/json/exportedSelection_south_east_loose/QeZ8Pvbp.jpg,https://rimichen.github.io/StreetScore/json/exportedSelection_east/7e5lNxd2.jpg
https://rimichen.github.io/StreetScore/json/exportedSelection_south_east_loose/lejn54ej.jpg,https://rimichen.github.io/StreetScore/json/exportedSelection_east/9b60J7eE.jpg
https://rimichen.github.io/StreetScore/json/exportedSelection_south_east_loose/rb29JMaW.jpg,https://rimichen.github.io/StreetScore/json/exportedSelection_east/penOZYa7.jpg
https://rimichen.github.io/StreetScore/json/exportedSelection_south_east_loose/Pe9pZxdL.jpg,https://rimichen.github.io/StreetScore/json/exportedSelection_east/mepkx2dM.jpg
https://rimichen.github.io/StreetScore/json/exportedSelection_south_east_loose/nelp1JeK.jpg,https://rimichen.github.io/StreetScore/json/exportedSelection_east/9avQk8eG.jpg
https://rimichen.github.io/StreetScore/json/exportedSelection_south_east_loose/Qe16K3aJ.jpg,https://rimichen.github.io/StreetScore/json/exportedSelection_east/ZdPQo2eK.jpg
https://rimichen.github.io/StreetScore/json/exportedSelection_south_east_loose/xe7nZjd7.jpg,https://rimichen.github.io/StreetScore/json/exportedSelection_east/YerYoEdO.jpg
https://rimichen.github.io/StreetScore/json/exportedSelection_south_east_loose/nelp1JeK.jpg,https://rimichen.github.io/StreetScore/json/exportedSelection_east/mepz4ybM.jpg
https://rimichen.github.io/StreetScore/json/exportedSelection_south_east_loose/wdLY8Aej.jpg,https://rimichen.github.io/StreetScore/json/exportedSelection_east/QeZwKwap.jpg
https://rimichen.github.io/StreetScore/json/exportedSelection_south_east_loose/RdGRoKbD.jpg,https://rimichen.github.io/StreetScore/json/exportedSelection_east/QdJQrDbO.jpg
https://rimichen.github.io/StreetScore/json/exportedSelection_south_east_loose/Pdyw3WaQ.jpg,https://rimichen.github.io/StreetScore/json/exportedSelection_east/Ddwr5Rb1.jpg
https://rimichen.github.io/StreetScore/json/exportedSelection_south_east_loose/mbkog6bz.jpg,https://rimichen.github.io/StreetScore/json/exportedSelection_east/yb8EAmdv.jpg
https://rimichen.github.io/StreetScore/json/exportedSelection_south_east_loose/Pe9pZxdL.jpg,https://rimichen.github.io/StreetScore/json/exportedSelection_east/NbWQJxey.jpg
https://rimichen.github.io/StreetScore/json/exportedSelection_south_east_loose/0dN82DaL.jpg,https://rimichen.github.io/StreetScore/json/exportedSelection_east/0dNO0zeL.jpg
https://rimichen.github.io/StreetScore/json/exportedSelection_south_east_loose/Yerm1pdO.jpg,https://rimichen.github.io/StreetScore/json/exportedSelection_east/vbmYo9bY.jpg
https://rimichen.github.io/StreetScore/json/exportedSelection_south_east_loose/xe7nZjd7.jpg,https://rimichen.github.io/StreetScore/json/exportedSelection_east/zbqlWyap.jpg
https://rimichen.github.io/StreetScore/json/exportedSelection_south_east_loose/YaO8KEbx.jpg,https://rimichen.github.io/StreetScore/json/exportedSelection_east/5eVQ3XdE.jpg
https://rimichen.github.io/StreetScore/json/exportedSelection_south_east_loose/Xe0Lpvex.jpg,https://rimichen.github.io/StreetScore/json/exportedSelection_east/lejvV4ej.jpg
https://rimichen.github.io/StreetScore/json/exportedSelection_south_east_loose/QeZz98ep.jpg,https://rimichen.github.io/StreetScore/json/exportedSelection_east/DbD0Onbl.jpg
https://rimichen.github.io/StreetScore/json/exportedSelection_south_east_loose/9avYp0eG.jpg,https://rimichen.github.io/StreetScore/json/exportedSelection_east/6dB6xNd7.jpg
https://rimichen.github.io/StreetScore/json/exportedSelection_south_east_loose/xbovkYag.jpg,https://rimichen.github.io/StreetScore/json/exportedSelection_east/YaO8Arbx.jpg
https://rimichen.github.io/StreetScore/json/exportedSelection_south_east_loose/Qe1GvGbJ.jpg,https://rimichen.github.io/StreetScore/json/exportedSelection_east/0dNOlKeL.jpg
https://rimichen.github.io/StreetScore/json/exportedSelection_south_east_loose/YaO8PEbx.jpg,https://rimichen.github.io/StreetScore/json/exportedSelection_east/yb83Vmav.jpg
https://rimichen.github.io/StreetScore/json/exportedSelection_south_east_loose/mbk2v5az.jpg,https://rimichen.github.io/StreetScore/json/exportedSelection_east/Yer9A2dO.jpg
https://rimichen.github.io/StreetScore/json/exportedSelection_south_east_loose/7ax6Drdy.jpg,https://rimichen.github.io/StreetScore/json/exportedSelection_east/qaQ6Zqbn.jpg
https://rimichen.github.io/StreetScore/json/exportedSelection_south_east_loose/Pe9DKBdL.jpg,https://rimichen.github.io/StreetScore/json/exportedSelection_east/vbm72reY.jpg
https://rimichen.github.io/StreetScore/json/exportedSelection_south_east_loose/Xe0L3Kex.jpg,https://rimichen.github.io/StreetScore/json/exportedSelection_east/9avYPgeG.jpg
https://rimichen.github.io/StreetScore/json/exportedSelection_south_east_loose/vbm2gRdY.jpg,https://rimichen.github.io/StreetScore/json/exportedSelection_east/QdJPo9aO.jpg
https://rimichen.github.io/StreetScore/json/exportedSelection_south_east_loose/PdywEWaQ.jpg,https://rimichen.github.io/StreetScore/json/exportedSelection_east/qaQNoMbn.jpg
https://rimichen.github.io/StreetScore/json/exportedSelection_south_east_loose/Xe00xyex.jpg,https://rimichen.github.io/StreetScore/json/exportedSelection_east/vbmyERbY.jpg
https://rimichen.github.io/StreetScore/json/exportedSelection_south_east_loose/YergEKaO.jpg,https://rimichen.github.io/StreetScore/json/exportedSelection_east/mbk626az.jpg
https://rimichen.github.io/StreetScore/json/exportedSelection_south_east_loose/6dB6pXd7.jpg,https://rimichen.github.io/StreetScore/json/exportedSelection_east/Rb4LgnbB.jpg
https://rimichen.github.io/StreetScore/json/exportedSelection_south_east_loose/5eVQp9dE.jpg,https://rimichen.github.io/StreetScore/json/exportedSelection_east/NbWwJJby.jpg
https://rimichen.github.io/StreetScore/json/exportedSelection_south_east_loose/vbmqE0bY.jpg,https://rimichen.github.io/StreetScore/json/exportedSelection_east/9aAMyBav.jpg
https://rimichen.github.io/StreetScore/json/exportedSelection_south_east_loose/YaO8PEbx.jpg,https://rimichen.github.io/StreetScore/json/exportedSelection_east/xe7p4ra7.jpg
https://rimichen.github.io/StreetScore/json/exportedSelection_south_east_loose/6dBP1Na7.jpg,https://rimichen.github.io/StreetScore/json/exportedSelection_east/qaQ7Xldn.jpg
https://rimichen.github.io/StreetScore/json/exportedSelection_south_east_loose/6dB64Qd7.jpg,https://rimichen.github.io/StreetScore/json/exportedSelection_east/QdJENJbO.jpg
https://rimichen.github.io/StreetScore/json/exportedSelection_south_east_loose/6dB6pXd7.jpg,https://rimichen.github.io/StreetScore/json/exportedSelection_east/0dN82DaL.jpg
https://rimichen.github.io/StreetScore/json/exportedSelection_south_east_loose/YerE0KdO.jpg,https://rimichen.github.io/StreetScore/json/exportedSelection_east/Yer9qKdO.jpg
https://rimichen.github.io/StreetScore/json/exportedSelection_south_east_loose/6dB6pXd7.jpg,https://rimichen.github.io/StreetScore/json/exportedSelection_east/DdwEyza1.jpg
https://rimichen.github.io/StreetScore/json/exportedSelection_south_east_loose/mepzRXbM.jpg,https://rimichen.github.io/StreetScore/json/exportedSelection_east/DdwnZRb1.jpg
https://rimichen.github.io/StreetScore/json/exportedSelection_south_east_loose/Yerm1pdO.jpg,https://rimichen.github.io/StreetScore/json/exportedSelection_east/kaznx2aJ.jpg
https://rimichen.github.io/StreetScore/json/exportedSelection_south_east_loose/5eVQp9dE.jpg,https://rimichen.github.io/StreetScore/json/exportedSelection_east/Pdym5EdQ.jpg
https://rimichen.github.io/StreetScore/json/exportedSelection_south_east_loose/9aAmYOav.jpg,https://rimichen.github.io/StreetScore/json/exportedSelection_east/Xe02qybx.jpg
https://rimichen.github.io/StreetScore/json/exportedSelection_south_east_loose/penYWWd7.jpg,https://rimichen.github.io/StreetScore/json/exportedSelection_east/BeXY55ay.jpg
https://rimichen.github.io/StreetScore/json/exportedSelection_south_east_loose/negkxDew.jpg,https://rimichen.github.io/StreetScore/json/exportedSelection_east/NbW86gdy.jpg
https://rimichen.github.io/StreetScore/json/exportedSelection_south_east_loose/Pdyw3WaQ.jpg,https://rimichen.github.io/StreetScore/json/exportedSelection_east/9b6BPnbE.jpg
https://rimichen.github.io/StreetScore/json/exportedSelection_south_east_loose/vbmE5AbY.jpg,https://rimichen.github.io/StreetScore/json/exportedSelection_east/NbWWnEby.jpg
https://rimichen.github.io/StreetScore/json/exportedSelection_south_east_loose/Qe1Gp3bJ.jpg,https://rimichen.github.io/StreetScore/json/exportedSelection_east/0dN8vmaL.jpg
https://rimichen.github.io/StreetScore/json/exportedSelection_south_east_loose/negkY6ew.jpg,https://rimichen.github.io/StreetScore/json/exportedSelection_east/yb89P3dv.jpg
https://rimichen.github.io/StreetScore/json/exportedSelection_south_east_loose/Qe1GvGbJ.jpg,https://rimichen.github.io/StreetScore/json/exportedSelection_east/NbWqDEey.jpg
https://rimichen.github.io/StreetScore/json/exportedSelection_south_east_loose/nelvPjbK.jpg,https://rimichen.github.io/StreetScore/json/exportedSelection_east/mbkrBXaz.jpg
https://rimichen.github.io/StreetScore/json/exportedSelection_south_east_loose/xe7Xzja7.jpg,https://rimichen.github.io/StreetScore/json/exportedSelection_east/0dNYM6bL.jpg
https://rimichen.github.io/StreetScore/json/exportedSelection_south_east_loose/xboOwkbg.jpg,https://rimichen.github.io/StreetScore/json/exportedSelection_east/PdRLRVaG.jpg
https://rimichen.github.io/StreetScore/json/exportedSelection_south_east_loose/9avQXMeG.jpg,https://rimichen.github.io/StreetScore/json/exportedSelection_east/0dNEkDbL.jpg
https://rimichen.github.io/StreetScore/json/exportedSelection_south_east_loose/Yerm1pdO.jpg,https://rimichen.github.io/StreetScore/json/exportedSelection_east/negnRYdw.jpg
https://rimichen.github.io/StreetScore/json/exportedSelection_south_east_loose/nelp1JeK.jpg,https://rimichen.github.io/StreetScore/json/exportedSelection_east/QdJPVgaO.jpg
https://rimichen.github.io/StreetScore/json/exportedSelection_south_east_loose/Xe02xXbx.jpg,https://rimichen.github.io/StreetScore/json/exportedSelection_east/penR8De7.jpg
https://rimichen.github.io/StreetScore/json/exportedSelection_south_east_loose/1aM94RaW.jpg,https://rimichen.github.io/StreetScore/json/exportedSelection_east/rb278zdW.jpg
https://rimichen.github.io/StreetScore/json/exportedSelection_south_east_loose/Qe1GvGbJ.jpg,https://rimichen.github.io/StreetScore/json/exportedSelection_east/ZdPQW1eK.jpg
https://rimichen.github.io/StreetScore/json/exportedSelection_south_east_loose/mbkr1Naz.jpg,https://rimichen.github.io/StreetScore/json/exportedSelection_east/penzQle7.jpg
https://rimichen.github.io/StreetScore/json/exportedSelection_south_east_loose/0dN0Y8aL.jpg,https://rimichen.github.io/StreetScore/json/exportedSelection_east/mbkr16az.jpg
https://rimichen.github.io/StreetScore/json/exportedSelection_south_east_loose/Yermw4dO.jpg,https://rimichen.github.io/StreetScore/json/exportedSelection_east/mep2vmbM.jpg
https://rimichen.github.io/StreetScore/json/exportedSelection_south_east_loose/9aAQK7av.jpg,https://rimichen.github.io/StreetScore/json/exportedSelection_east/6dB8Rna7.jpg
https://rimichen.github.io/StreetScore/json/exportedSelection_south_east_loose/9avQAreG.jpg,https://rimichen.github.io/StreetScore/json/exportedSelection_east/xe79gGb7.jpg
https://rimichen.github.io/StreetScore/json/exportedSelection_south_east_loose/yb8o7rav.jpg,https://rimichen.github.io/StreetScore/json/exportedSelection_east/Qe14KmdJ.jpg
https://rimichen.github.io/StreetScore/json/exportedSelection_south_east_loose/kazn67aJ.jpg,https://rimichen.github.io/StreetScore/json/exportedSelection_east/negxMZaw.jpg
https://rimichen.github.io/StreetScore/json/exportedSelection_south_east_loose/9aA1oOav.jpg,https://rimichen.github.io/StreetScore/json/exportedSelection_east/BeXMZVay.jpg
https://rimichen.github.io/StreetScore/json/exportedSelection_south_east_loose/nelRp6bK.jpg,https://rimichen.github.io/StreetScore/json/exportedSelection_east/qaQOJYdn.jpg
https://rimichen.github.io/StreetScore/json/exportedSelection_south_east_loose/mbkr1Naz.jpg,https://rimichen.github.io/StreetScore/json/exportedSelection_east/mep2jrbM.jpg
https://rimichen.github.io/StreetScore/json/exportedSelection_south_east_loose/ZdPQL6eK.jpg,https://rimichen.github.io/StreetScore/json/exportedSelection_east/Pdy9V7dQ.jpg
https://rimichen.github.io/StreetScore/json/exportedSelection_south_east_loose/mepkX2dM.jpg,https://rimichen.github.io/StreetScore/json/exportedSelection_east/5eVQz9dE.jpg
https://rimichen.github.io/StreetScore/json/exportedSelection_south_east_loose/1aMEQ5aW.jpg,https://rimichen.github.io/StreetScore/json/exportedSelection_east/9avj8gaG.jpg
https://rimichen.github.io/StreetScore/json/exportedSelection_south_east_loose/mbkowKbz.jpg,https://rimichen.github.io/StreetScore/json/exportedSelection_east/nelpXjeK.jpg
https://rimichen.github.io/StreetScore/json/exportedSelection_south_east_loose/zbq2VDdp.jpg,https://rimichen.github.io/StreetScore/json/exportedSelection_east/NbWwqgby.jpg
https://rimichen.github.io/StreetScore/json/exportedSelection_south_east_loose/ZdPQz6eK.jpg,https://rimichen.github.io/StreetScore/json/exportedSelection_east/YermkLdO.jpg
https://rimichen.github.io/StreetScore/json/exportedSelection_south_east_loose/QdJYz9bO.jpg,https://rimichen.github.io/StreetScore/json/exportedSelection_east/mepk1pdM.jpg
https://rimichen.github.io/StreetScore/json/exportedSelection_south_east_loose/Pdyw3WaQ.jpg,https://rimichen.github.io/StreetScore/json/exportedSelection_east/RdGMGyaD.jpg
https://rimichen.github.io/StreetScore/json/exportedSelection_south_east_loose/Le39JAb6.jpg,https://rimichen.github.io/StreetScore/json/exportedSelection_east/mepRVmbM.jpg
https://rimichen.github.io/StreetScore/json/exportedSelection_south_east_loose/ZdPQQ6eK.jpg,https://rimichen.github.io/StreetScore/json/exportedSelection_east/ZdPQ9neK.jpg
https://rimichen.github.io/StreetScore/json/exportedSelection_south_east_loose/Pe9DKBdL.jpg,https://rimichen.github.io/StreetScore/json/exportedSelection_east/0dN88maL.jpg
https://rimichen.github.io/StreetScore/json/exportedSelection_south_east_loose/oeEx4Wd0.jpg,https://rimichen.github.io/StreetScore/json/exportedSelection_east/vbmqn3bY.jpg
https://rimichen.github.io/StreetScore/json/exportedSelection_south_east_loose/NbWqOXey.jpg,https://rimichen.github.io/StreetScore/json/exportedSelection_east/1aKQlzdQ.jpg
https://rimichen.github.io/StreetScore/json/exportedSelection_south_east_loose/vbmqxObY.jpg,https://rimichen.github.io/StreetScore/json/exportedSelection_east/9b60l9eE.jpg
https://rimichen.github.io/StreetScore/json/exportedSelection_south_east_loose/1aM94RaW.jpg,https://rimichen.github.io/StreetScore/json/exportedSelection_east/mbkw7Xbz.jpg
https://rimichen.github.io/StreetScore/json/exportedSelection_south_east_loose/YaO8KEbx.jpg,https://rimichen.github.io/StreetScore/json/exportedSelection_east/QeZWMEap.jpg
https://rimichen.github.io/StreetScore/json/exportedSelection_south_east_loose/mbkowKbz.jpg,https://rimichen.github.io/StreetScore/json/exportedSelection_east/7e5R1Ba2.jpg
https://rimichen.github.io/StreetScore/json/exportedSelection_south_east_loose/Yermw4dO.jpg,https://rimichen.github.io/StreetScore/json/exportedSelection_east/9b60gOeE.jpg
https://rimichen.github.io/StreetScore/json/exportedSelection_south_east_loose/zbq2ykdp.jpg,https://rimichen.github.io/StreetScore/json/exportedSelection_east/wdLZjWaj.jpg
https://rimichen.github.io/StreetScore/json/exportedSelection_south_east_loose/negxPraw.jpg,https://rimichen.github.io/StreetScore/json/exportedSelection_east/penYgld7.jpg
https://rimichen.github.io/StreetScore/json/exportedSelection_south_east_loose/YaO8PEbx.jpg,https://rimichen.github.io/StreetScore/json/exportedSelection_east/5eV509dE.jpg
https://rimichen.github.io/StreetScore/json/exportedSelection_south_east_loose/NbWqOXey.jpg,https://rimichen.github.io/StreetScore/json/exportedSelection_east/xboOljbg.jpg
https://rimichen.github.io/StreetScore/json/exportedSelection_south_east_loose/xboO0Bbg.jpg,https://rimichen.github.io/StreetScore/json/exportedSelection_east/QeZwmEap.jpg
https://rimichen.github.io/StreetScore/json/exportedSelection_south_east_loose/ZdPjBzaK.jpg,https://rimichen.github.io/StreetScore/json/exportedSelection_east/yb8Ej3dv.jpg
https://rimichen.github.io/StreetScore/json/exportedSelection_south_east_loose/Qe14VmdJ.jpg,https://rimichen.github.io/StreetScore/json/exportedSelection_east/9avY60eG.jpg
https://rimichen.github.io/StreetScore/json/exportedSelection_south_east_loose/5eVQp9dE.jpg,https://rimichen.github.io/StreetScore/json/exportedSelection_east/negpWGaw.jpg
https://rimichen.github.io/StreetScore/json/exportedSelection_south_east_loose/nelvPjbK.jpg,https://rimichen.github.io/StreetScore/json/exportedSelection_east/PdR1MVbG.jpg
https://rimichen.github.io/StreetScore/json/exportedSelection_south_east_loose/RdGMmJaD.jpg,https://rimichen.github.io/StreetScore/json/exportedSelection_east/rb2WMAdW.jpg
https://rimichen.github.io/StreetScore/json/exportedSelection_south_east_loose/Rb49K7dB.jpg,https://rimichen.github.io/StreetScore/json/exportedSelection_east/zbqZ4kdp.jpg
https://rimichen.github.io/StreetScore/json/exportedSelection_south_east_loose/zbqAYpbp.jpg,https://rimichen.github.io/StreetScore/json/exportedSelection_east/QbYMVWbz.jpg
https://rimichen.github.io/StreetScore/json/exportedSelection_south_east_loose/vbm24OdY.jpg,https://rimichen.github.io/StreetScore/json/exportedSelection_east/xbojyBag.jpg
https://rimichen.github.io/StreetScore/json/exportedSelection_south_east_loose/penzl7e7.jpg,https://rimichen.github.io/StreetScore/json/exportedSelection_east/penOVRa7.jpg
https://rimichen.github.io/StreetScore/json/exportedSelection_south_east_loose/QdJYz9bO.jpg,https://rimichen.github.io/StreetScore/json/exportedSelection_east/vbmyV0bY.jpg
https://rimichen.github.io/StreetScore/json/exportedSelection_south_east_loose/YergRpaO.jpg,https://rimichen.github.io/StreetScore/json/exportedSelection_east/nel2Z6bK.jpg
https://rimichen.github.io/StreetScore/json/exportedSelection_south_east_loose/Ddwk9Rd1.jpg,https://rimichen.github.io/StreetScore/json/exportedSelection_east/7e5L7Ad2.jpg
https://rimichen.github.io/StreetScore/json/exportedSelection_south_east_loose/lejn54ej.jpg,https://rimichen.github.io/StreetScore/json/exportedSelection_east/6dBnvYd7.jpg
https://rimichen.github.io/StreetScore/json/exportedSelection_south_east_loose/Ddw0Yze1.jpg,https://rimichen.github.io/StreetScore/json/exportedSelection_east/9b6mRlaE.jpg
https://rimichen.github.io/StreetScore/json/exportedSelection_south_east_loose/nelp0MeK.jpg,https://rimichen.github.io/StreetScore/json/exportedSelection_east/mepk72dM.jpg
https://rimichen.github.io/StreetScore/json/exportedSelection_south_east_loose/Ddw0Bwe1.jpg,https://rimichen.github.io/StreetScore/json/exportedSelection_east/lej0XRbj.jpg
https://rimichen.github.io/StreetScore/json/exportedSelection_south_east_loose/xboj6jag.jpg,https://rimichen.github.io/StreetScore/json/exportedSelection_east/zbqQ2rbp.jpg
https://rimichen.github.io/StreetScore/json/exportedSelection_south_east_loose/oeEK8gb0.jpg,https://rimichen.github.io/StreetScore/json/exportedSelection_east/negkP3ew.jpg
https://rimichen.github.io/StreetScore/json/exportedSelection_south_east_loose/1aM94RaW.jpg,https://rimichen.github.io/StreetScore/json/exportedSelection_east/mepR16bM.jpg
https://rimichen.github.io/StreetScore/json/exportedSelection_south_east_loose/QbYM42bz.jpg,https://rimichen.github.io/StreetScore/json/exportedSelection_east/YaOPGgbx.jpg
https://rimichen.github.io/StreetScore/json/exportedSelection_south_east_loose/7axVvqdy.jpg,https://rimichen.github.io/StreetScore/json/exportedSelection_east/mbkrD5az.jpg
https://rimichen.github.io/StreetScore/json/exportedSelection_south_east_loose/1aM1J1aW.jpg,https://rimichen.github.io/StreetScore/json/exportedSelection_east/wdLv6vaj.jpg
https://rimichen.github.io/StreetScore/json/exportedSelection_south_east_loose/nelvPjbK.jpg,https://rimichen.github.io/StreetScore/json/exportedSelection_east/9b6mWnaE.jpg
https://rimichen.github.io/StreetScore/json/exportedSelection_south_east_loose/nelp1JeK.jpg,https://rimichen.github.io/StreetScore/json/exportedSelection_east/mep2ENbM.jpg
https://rimichen.github.io/StreetScore/json/exportedSelection_south_east_loose/Ddw0Bwe1.jpg,https://rimichen.github.io/StreetScore/json/exportedSelection_east/5eVNA5eE.jpg
https://rimichen.github.io/StreetScore/json/exportedSelection_south_east_loose/QeZ0Z5bp.jpg,https://rimichen.github.io/StreetScore/json/exportedSelection_east/NbWQ0ney.jpg
https://rimichen.github.io/StreetScore/json/exportedSelection_south_east_loose/Yermw4dO.jpg,https://rimichen.github.io/StreetScore/json/exportedSelection_east/oeEq7le0.jpg
https://rimichen.github.io/StreetScore/json/exportedSelection_south_east_loose/Pe9248aL.jpg,https://rimichen.github.io/StreetScore/json/exportedSelection_east/Xe00Jvex.jpg
https://rimichen.github.io/StreetScore/json/exportedSelection_south_east_loose/Ddw0Yze1.jpg,https://rimichen.github.io/StreetScore/json/exportedSelection_east/Yer9B4dO.jpg
https://rimichen.github.io/StreetScore/json/exportedSelection_south_east_loose/mbk2v5az.jpg,https://rimichen.github.io/StreetScore/json/exportedSelection_east/negxJGaw.jpg
https://rimichen.github.io/StreetScore/json/exportedSelection_south_east_loose/oeEK8gb0.jpg,https://rimichen.github.io/StreetScore/json/exportedSelection_east/oeEPNgd0.jpg
https://rimichen.github.io/StreetScore/json/exportedSelection_south_east_loose/6dBP1Na7.jpg,https://rimichen.github.io/StreetScore/json/exportedSelection_east/DbDQNkdl.jpg
https://rimichen.github.io/StreetScore/json/exportedSelection_south_east_loose/DbD846bl.jpg,https://rimichen.github.io/StreetScore/json/exportedSelection_east/lej8ylbj.jpg
https://rimichen.github.io/StreetScore/json/exportedSelection_south_east_loose/QdJ8rKaO.jpg,https://rimichen.github.io/StreetScore/json/exportedSelection_east/7ax1JBby.jpg
https://rimichen.github.io/StreetScore/json/exportedSelection_south_east_loose/6dBr4xd7.jpg,https://rimichen.github.io/StreetScore/json/exportedSelection_east/mbkwYrbz.jpg
https://rimichen.github.io/StreetScore/json/exportedSelection_south_east_loose/QdJ8rKaO.jpg,https://rimichen.github.io/StreetScore/json/exportedSelection_east/Le36Dxd6.jpg
https://rimichen.github.io/StreetScore/json/exportedSelection_south_east_loose/nel2klbK.jpg,https://rimichen.github.io/StreetScore/json/exportedSelection_east/nel2ngbK.jpg
https://rimichen.github.io/StreetScore/json/exportedSelection_south_east_loose/9avjqmaG.jpg,https://rimichen.github.io/StreetScore/json/exportedSelection_east/qaQ7g0dn.jpg
https://rimichen.github.io/StreetScore/json/exportedSelection_south_east_loose/wdLJKXaj.jpg,https://rimichen.github.io/StreetScore/json/exportedSelection_east/7e5LWYd2.jpg
https://rimichen.github.io/StreetScore/json/exportedSelection_south_east_loose/Le3wKRe6.jpg,https://rimichen.github.io/StreetScore/json/exportedSelection_east/Qe19W3eJ.jpg
https://rimichen.github.io/StreetScore/json/exportedSelection_south_east_loose/DbD8wKbl.jpg,https://rimichen.github.io/StreetScore/json/exportedSelection_east/QbY5ZKbz.jpg
https://rimichen.github.io/StreetScore/json/exportedSelection_south_east_loose/Yermw4dO.jpg,https://rimichen.github.io/StreetScore/json/exportedSelection_east/NbWWqQby.jpg
https://rimichen.github.io/StreetScore/json/exportedSelection_south_east_loose/QdJEygbO.jpg,https://rimichen.github.io/StreetScore/json/exportedSelection_east/Le3639d6.jpg
https://rimichen.github.io/StreetScore/json/exportedSelection_south_east_loose/6dB6pXd7.jpg,https://rimichen.github.io/StreetScore/json/exportedSelection_east/1aM9lQaW.jpg
https://rimichen.github.io/StreetScore/json/exportedSelection_south_east_loose/9aA149av.jpg,https://rimichen.github.io/StreetScore/json/exportedSelection_east/Xe0LVVex.jpg
https://rimichen.github.io/StreetScore/json/exportedSelection_south_east_loose/YerEl4dO.jpg,https://rimichen.github.io/StreetScore/json/exportedSelection_east/9b60zzeE.jpg
https://rimichen.github.io/StreetScore/json/exportedSelection_south_east_loose/mbk2v5az.jpg,https://rimichen.github.io/StreetScore/json/exportedSelection_east/vbmE0GbY.jpg
https://rimichen.github.io/StreetScore/json/exportedSelection_south_east_loose/QbYM42bz.jpg,https://rimichen.github.io/StreetScore/json/exportedSelection_east/NbWQogey.jpg
https://rimichen.github.io/StreetScore/json/exportedSelection_south_east_loose/wdLA7rej.jpg,https://rimichen.github.io/StreetScore/json/exportedSelection_east/zbqlv0ap.jpg
https://rimichen.github.io/StreetScore/json/exportedSelection_south_east_loose/RdGMyQaD.jpg,https://rimichen.github.io/StreetScore/json/exportedSelection_east/DdwEv8a1.jpg
https://rimichen.github.io/StreetScore/json/exportedSelection_south_east_loose/kaz638aJ.jpg,https://rimichen.github.io/StreetScore/json/exportedSelection_east/neg7Zkew.jpg
https://rimichen.github.io/StreetScore/json/exportedSelection_south_east_loose/xbojkkag.jpg,https://rimichen.github.io/StreetScore/json/exportedSelection_east/7e5lAxd2.jpg
https://rimichen.github.io/StreetScore/json/exportedSelection_south_east_loose/DdwEq1a1.jpg,https://rimichen.github.io/StreetScore/json/exportedSelection_east/kaz615aJ.jpg
https://rimichen.github.io/StreetScore/json/exportedSelection_south_east_loose/mbk2v5az.jpg,https://rimichen.github.io/StreetScore/json/exportedSelection_east/ZdPzRzaK.jpg
https://rimichen.github.io/StreetScore/json/exportedSelection_south_east_loose/QbY5O2bz.jpg,https://rimichen.github.io/StreetScore/json/exportedSelection_east/QbY7Gpez.jpg
https://rimichen.github.io/StreetScore/json/exportedSelection_south_east_loose/0dNOzLeL.jpg,https://rimichen.github.io/StreetScore/json/exportedSelection_east/9aA1rOav.jpg
https://rimichen.github.io/StreetScore/json/exportedSelection_south_east_loose/0dN82DaL.jpg,https://rimichen.github.io/StreetScore/json/exportedSelection_east/ZdPzRzaK.jpg
https://rimichen.github.io/StreetScore/json/exportedSelection_south_east_loose/1aKLqxbQ.jpg,https://rimichen.github.io/StreetScore/json/exportedSelection_east/penOp5a7.jpg
https://rimichen.github.io/StreetScore/json/exportedSelection_south_east_loose/negkxDew.jpg,https://rimichen.github.io/StreetScore/json/exportedSelection_east/zbqQPkbp.jpg
https://rimichen.github.io/StreetScore/json/exportedSelection_south_east_loose/mbko1Ybz.jpg,https://rimichen.github.io/StreetScore/json/exportedSelection_east/peng45a7.jpg
https://rimichen.github.io/StreetScore/json/exportedSelection_south_east_loose/wdLA7rej.jpg,https://rimichen.github.io/StreetScore/json/exportedSelection_east/9av86ndG.jpg
