folder,file_name
./json/exportedSelection_north/,1aKQOldQ.jpg
./json/exportedSelection_north/,1aMEzAaW.jpg
./json/exportedSelection_north/,5eV7LMaE.jpg
./json/exportedSelection_north/,6dB8nxa7.jpg
./json/exportedSelection_north/,7e5lVqd2.jpg
./json/exportedSelection_north/,9aA1JOav.jpg
./json/exportedSelection_north/,9av8nrdG.jpg
./json/exportedSelection_north/,BeX7nldy.jpg
./json/exportedSelection_north/,BeXMokay.jpg
./json/exportedSelection_north/,DbD0knbl.jpg
./json/exportedSelection_north/,DbD0Xkbl.jpg
./json/exportedSelection_north/,DbDqjxdl.jpg
./json/exportedSelection_north/,DbDQpYdl.jpg
./json/exportedSelection_north/,DbDQZBdl.jpg
./json/exportedSelection_north/,DbDwQyal.jpg
./json/exportedSelection_north/,Ddw0Zme1.jpg
./json/exportedSelection_north/,DdwEZma1.jpg
./json/exportedSelection_north/,DdwKowd1.jpg
./json/exportedSelection_north/,kaz6jmaJ.jpg
./json/exportedSelection_north/,kaznp8aJ.jpg
./json/exportedSelection_north/,Le36mRd6.jpg
./json/exportedSelection_north/,Le36znd6.jpg
./json/exportedSelection_north/,Le3Yjxb6.jpg
./json/exportedSelection_north/,Le3YVQb6.jpg
./json/exportedSelection_north/,lej0ORbj.jpg
./json/exportedSelection_north/,lej0x5bj.jpg
./json/exportedSelection_north/,lejvWPej.jpg
./json/exportedSelection_north/,mbk2EXaz.jpg
./json/exportedSelection_north/,mbk2JKaz.jpg
./json/exportedSelection_north/,mep2WrbM.jpg
./json/exportedSelection_north/,negkrrew.jpg
./json/exportedSelection_north/,negnJrdw.jpg
./json/exportedSelection_north/,negnr6dw.jpg
./json/exportedSelection_north/,nel2KlbK.jpg
./json/exportedSelection_north/,nel2ljbK.jpg
./json/exportedSelection_north/,nelpy6eK.jpg
./json/exportedSelection_north/,nelvmjbK.jpg
./json/exportedSelection_north/,nelvorbK.jpg
./json/exportedSelection_north/,PdRLoLaG.jpg
./json/exportedSelection_north/,PdRlZzaG.jpg
./json/exportedSelection_north/,penG8Ra7.jpg
./json/exportedSelection_north/,penGr5a7.jpg
./json/exportedSelection_north/,penRMPe7.jpg
./json/exportedSelection_north/,QdJ8RKaO.jpg
./json/exportedSelection_north/,Qe19OjeJ.jpg
./json/exportedSelection_north/,QeZ0WQbp.jpg
./json/exportedSelection_north/,QeZ8J6bp.jpg
./json/exportedSelection_north/,QeZwG8ap.jpg
./json/exportedSelection_north/,QeZwOwap.jpg
./json/exportedSelection_north/,QeZZOgep.jpg
./json/exportedSelection_north/,QeZzPJep.jpg
./json/exportedSelection_north/,rb28yPeW.jpg
./json/exportedSelection_north/,rb29PvaW.jpg
./json/exportedSelection_north/,RdG9mQaD.jpg
./json/exportedSelection_north/,vbm2z9dY.jpg
./json/exportedSelection_north/,vbm7y9eY.jpg
./json/exportedSelection_north/,vbmElGbY.jpg
./json/exportedSelection_north/,vbmqLnbY.jpg
./json/exportedSelection_north/,vbmYErbY.jpg
./json/exportedSelection_north/,vbmyJRbY.jpg
./json/exportedSelection_north/,vbmYZ3bY.jpg
./json/exportedSelection_north/,wdLPZWdj.jpg
./json/exportedSelection_north/,xbojnzag.jpg
./json/exportedSelection_north/,xboyZLeg.jpg
./json/exportedSelection_north/,Xe02zvbx.jpg
./json/exportedSelection_north/,Xe09NXax.jpg
./json/exportedSelection_north/,xe7nj8d7.jpg
./json/exportedSelection_north/,xe7pjAa7.jpg
./json/exportedSelection_north/,yb89Kjdv.jpg
./json/exportedSelection_north/,YerEjBdO.jpg
./json/exportedSelection_north/,zbqlgrap.jpg
